"","placement","frequency_mhz","Input Power (W)","SAR_wholebody (mW/kg)","SAR_head (mW/kg)","SAR_brain (mW/kg)","SAR_trunk (mW/kg)","psSAR10g_eyes (mW/kg)","psSAR10g_skin (mW/kg)","psSAR10g_brain (mW/kg)","yaml_name_whole_body","yaml_name_whole_brain"
"1","front_of_eyes_center_horizontal",700,1,2.62029276910084,1.19118818213055,0.564089064783121,0.204046231509956,5.86928501254303,5.86928501254303,4.29230367534616,"Duke_fronteyes_700_front_of_eyes_center_horizontal: 2.62029276910084","Duke_fronteyes_700_front_of_eyes_center_horizontal: 0.564089064783121"
"2","front_of_eyes_center_horizontal",800,1,2.40586784629891,0.986228554073771,0.42781721933309,0.161081270843951,5.19797235592065,5.83905621541608,4.00639428908037,"Duke_fronteyes_800_front_of_eyes_center_horizontal: 2.40586784629891","Duke_fronteyes_800_front_of_eyes_center_horizontal: 0.42781721933309"
"3","front_of_eyes_center_horizontal",900,1,2.17932493908628,1.30384881927878,0.552504066882252,0.231925048240917,6.52596735743187,19.3424390050818,6.15090070726683,"Duke_fronteyes_900_front_of_eyes_center_horizontal: 2.17932493908628","Duke_fronteyes_900_front_of_eyes_center_horizontal: 0.552504066882252"
"4","front_of_eyes_center_horizontal",1450,1,0.897451072508176,4.59840073102781,2.01112093459255,0.95861477895688,19.7509663917546,133.691355586052,25.1434558897086,"Duke_fronteyes_1450_front_of_eyes_center_horizontal: 0.897451072508176","Duke_fronteyes_1450_front_of_eyes_center_horizontal: 2.01112093459255"
"5","front_of_eyes_center_horizontal",1800,1,0.96099442538935,4.90384370926952,1.59335864179304,0.946881231000593,30.9632742715445,128.843914163695,25.6321958046394,"Duke_fronteyes_1800_front_of_eyes_center_horizontal: 0.96099442538935","Duke_fronteyes_1800_front_of_eyes_center_horizontal: 1.59335864179304"
"6","front_of_eyes_center_horizontal",2100,1,1.01546015643036,5.16565197633384,1.23527667653632,0.936823904180918,40.573823882793,124.688964373104,26.0511157317229,"Duke_fronteyes_2100_front_of_eyes_center_horizontal: 1.01546015643036","Duke_fronteyes_2100_front_of_eyes_center_horizontal: 1.23527667653632"
"7","front_of_eyes_center_horizontal",2400,1,0.920422093427181,5.55825671096736,1.04372127864166,0.977263295723235,41.4266004471628,129.212979663683,31.9950534084718,"Duke_fronteyes_2400_front_of_eyes_center_horizontal: 0.920422093427181","Duke_fronteyes_2400_front_of_eyes_center_horizontal: 1.04372127864166"
"8","front_of_eyes_center_horizontal",2600,1,0.853267775311251,5.63954071858043,0.978844579523033,0.896753226344197,45.7124708422383,126.638850566587,38.7478704479608,"Duke_fronteyes_2600_front_of_eyes_center_horizontal: 0.853267775311251","Duke_fronteyes_2600_front_of_eyes_center_horizontal: 0.978844579523033"
"9","front_of_eyes_center_horizontal",3500,1,0.568380513317951,5.71451749615311,0.755520310804047,0.365484692625805,71.9222663478418,105.334835296327,72.470832277428,"Duke_fronteyes_3500_front_of_eyes_center_horizontal: 0.568380513317951","Duke_fronteyes_3500_front_of_eyes_center_horizontal: 0.755520310804047"
"10","front_of_eyes_center_horizontal",5000,1,0.667541682204061,3.37143815067502,0.14965547704456,1.0516645182429,42.5908984504576,85.958309983548,32.3358297788923,"Duke_fronteyes_5000_front_of_eyes_center_horizontal: 0.667541682204061","Duke_fronteyes_5000_front_of_eyes_center_horizontal: 0.14965547704456"
"11","front_of_eyes_center_vertical",700,1,2.62829358791014,1.2101752507089,0.322235768557809,0.259494210336319,5.73749638036981,12.4135185948709,4.56549845546945,"Duke_fronteyes_700_front_of_eyes_center_vertical: 2.62829358791014","Duke_fronteyes_700_front_of_eyes_center_vertical: 0.322235768557809"
"12","front_of_eyes_center_vertical",800,1,2.41963593688198,0.924776364295655,0.230305430952745,0.228316702499311,4.28897710546218,9.85100217831799,3.29488556246228,"Duke_fronteyes_800_front_of_eyes_center_vertical: 2.41963593688198","Duke_fronteyes_800_front_of_eyes_center_vertical: 0.230305430952745"
"13","front_of_eyes_center_vertical",900,1,2.24113474966873,1.28558573370516,0.460097005207093,0.408720599808275,5.99134158905832,23.4365720953008,6.45125054989604,"Duke_fronteyes_900_front_of_eyes_center_vertical: 2.24113474966873","Duke_fronteyes_900_front_of_eyes_center_vertical: 0.460097005207093"
"14","front_of_eyes_center_vertical",1450,1,1.34868774744779,5.18380786924017,2.67674247949734,2.02754850409372,24.6858096874829,145.980385395716,36.9219232420876,"Duke_fronteyes_1450_front_of_eyes_center_vertical: 1.34868774744779","Duke_fronteyes_1450_front_of_eyes_center_vertical: 2.67674247949734"
"15","front_of_eyes_center_vertical",1800,1,1.33690444715496,5.64208954031402,1.86189509089857,1.92896242283927,24.397652256661,127.055409782574,30.078224295359,"Duke_fronteyes_1800_front_of_eyes_center_vertical: 1.33690444715496","Duke_fronteyes_1800_front_of_eyes_center_vertical: 1.86189509089857"
"16","front_of_eyes_center_vertical",2100,1,1.32680447547539,6.03490240123445,1.16345447209963,1.84446006747832,24.1506601730994,110.834002114168,24.2121966267345,"Duke_fronteyes_2100_front_of_eyes_center_vertical: 1.32680447547539","Duke_fronteyes_2100_front_of_eyes_center_vertical: 1.16345447209963"
"17","front_of_eyes_center_vertical",2400,1,1.38215531072585,6.54899137579648,1.2838376966968,1.88251145476008,48.9210472276486,122.337002797519,53.4786541225542,"Duke_fronteyes_2400_front_of_eyes_center_vertical: 1.38215531072585","Duke_fronteyes_2400_front_of_eyes_center_vertical: 1.2838376966968"
"18","front_of_eyes_center_vertical",2600,1,1.33744369472861,6.37602137691895,1.19458282842249,1.63270484303318,55.1195668920263,121.468745735994,60.6139356230551,"Duke_fronteyes_2600_front_of_eyes_center_vertical: 1.33744369472861","Duke_fronteyes_2600_front_of_eyes_center_vertical: 1.19458282842249"
"19","front_of_eyes_center_vertical",3500,1,1.00375380858243,4.80545454545454,0.412697495195415,0.0769593634449937,63.6914702640338,100.490909090909,68.7541694126346,"Duke_fronteyes_3500_front_of_eyes_center_vertical: 1.00375380858243","Duke_fronteyes_3500_front_of_eyes_center_vertical: 0.412697495195415"
"20","front_of_eyes_center_vertical",5000,1,0.655184595887261,3.01254776436413,0.115496860823444,0.803218325172045,44.8713981146249,76.4161601633748,34.0040555991922,"Duke_fronteyes_5000_front_of_eyes_center_vertical: 0.655184595887261","Duke_fronteyes_5000_front_of_eyes_center_vertical: 0.115496860823444"
"21","front_of_eyes_down_horizontal",700,1,2.65432808088713,1.22908811865021,0.516197079998332,0.269743525771018,5.27663715837754,6.52934477162244,3.62472982784168,"Duke_fronteyes_700_front_of_eyes_down_horizontal: 2.65432808088713","Duke_fronteyes_700_front_of_eyes_down_horizontal: 0.516197079998332"
"22","front_of_eyes_down_horizontal",800,1,2.43076446228903,2.10384946721165,0.382647134410315,0.214745620136513,2.73707625988803,4.88327733457776,2.76130028909401,"Duke_fronteyes_800_front_of_eyes_down_horizontal: 2.43076446228903","Duke_fronteyes_800_front_of_eyes_down_horizontal: 0.382647134410315"
"23","front_of_eyes_down_horizontal",900,1,2.21277078502742,2.593394254608,0.452141752713122,0.313232463122419,4.70622757406376,14.5119227221661,3.91450037759871,"Duke_fronteyes_900_front_of_eyes_down_horizontal: 2.21277078502742","Duke_fronteyes_900_front_of_eyes_down_horizontal: 0.452141752713122"
"24","front_of_eyes_down_horizontal",1450,1,1.03030115558509,4.14505692337598,1.43568643874755,1.3094610858438,28.8892844318465,100.859968026854,16.2294270681604,"Duke_fronteyes_1450_front_of_eyes_down_horizontal: 1.03030115558509","Duke_fronteyes_1450_front_of_eyes_down_horizontal: 1.43568643874755"
"25","front_of_eyes_down_horizontal",1800,1,1.02645678516638,2.7393728379909,1.1195208091499,1.34212271514896,31.3502930042557,117.379078918417,16.7809430901656,"Duke_fronteyes_1800_front_of_eyes_down_horizontal: 1.02645678516638","Duke_fronteyes_1800_front_of_eyes_down_horizontal: 1.1195208091499"
"26","front_of_eyes_down_horizontal",2100,1,1.02316161052177,1.53450076480369,0.848521698066202,1.37011839741052,33.4597289234637,131.538316825471,17.2536711090271,"Duke_fronteyes_2100_front_of_eyes_down_horizontal: 1.02316161052177","Duke_fronteyes_2100_front_of_eyes_down_horizontal: 0.848521698066202"
"27","front_of_eyes_down_horizontal",2400,1,1.10456473921102,5.10159747516619,0.719971390932818,5.10159747516619,29.3508356840279,133.298168508618,20.6985144757668,"Duke_fronteyes_2400_front_of_eyes_down_horizontal: 1.10456473921102","Duke_fronteyes_2400_front_of_eyes_down_horizontal: 0.719971390932818"
"28","front_of_eyes_down_horizontal",2600,1,1.05779410557261,5.42841143821808,0.679406147451123,5.22381036663828,35.3028305743129,139.531618649079,27.5427788491441,"Duke_fronteyes_2600_front_of_eyes_down_horizontal: 1.05779410557261","Duke_fronteyes_2600_front_of_eyes_down_horizontal: 0.679406147451123"
"29","front_of_eyes_down_horizontal",3500,1,0.682736666847691,3.08804946254388,0.542649793086592,1.65584196148528,76.0803591798652,177.080065689304,64.7062732076103,"Duke_fronteyes_3500_front_of_eyes_down_horizontal: 0.682736666847691","Duke_fronteyes_3500_front_of_eyes_down_horizontal: 0.542649793086592"
"30","front_of_eyes_down_horizontal",5000,1,0.721572606275298,2.59962642650694,0.107458196153863,1.34299901627749,37.6933292499775,106.445523391424,28.6836630603028,"Duke_fronteyes_5000_front_of_eyes_down_horizontal: 0.721572606275298","Duke_fronteyes_5000_front_of_eyes_down_horizontal: 0.107458196153863"
"31","front_of_eyes_down_vertical",700,1,2.64782663855648,0.895359076235744,0.162419806143158,0.360043822102009,2.65808603948694,15.4481062383046,2.03464097955547,"Duke_fronteyes_700_front_of_eyes_down_vertical: 2.64782663855648","Duke_fronteyes_700_front_of_eyes_down_vertical: 0.162419806143158"
"32","front_of_eyes_down_vertical",800,1,2.4381191163555,0.655871748707956,0.126429610170751,0.323082483505537,1.87102704809432,11.3644889166734,1.38783459031592,"Duke_fronteyes_800_front_of_eyes_down_vertical: 2.4381191163555","Duke_fronteyes_800_front_of_eyes_down_vertical: 0.126429610170751"
"33","front_of_eyes_down_vertical",900,1,2.27174225446325,1.06677457007698,0.323334741219116,0.532731071792686,3.71148313537329,21.7174131025358,3.6917883753939,"Duke_fronteyes_900_front_of_eyes_down_vertical: 2.27174225446325","Duke_fronteyes_900_front_of_eyes_down_vertical: 0.323334741219116"
"34","front_of_eyes_down_vertical",1450,1,1.48499493112403,5.25289552857023,2.09604143046972,2.41614309083503,21.6154785791658,121.412869050818,25.1023239403401,"Duke_fronteyes_1450_front_of_eyes_down_vertical: 1.48499493112403","Duke_fronteyes_1450_front_of_eyes_down_vertical: 2.09604143046972"
"35","front_of_eyes_down_vertical",1800,1,1.4846341238471,5.11496661593524,1.52379912750712,2.4033844768688,22.2645762207583,101.135012611497,23.2087918365474,"Duke_fronteyes_1800_front_of_eyes_down_vertical: 1.4846341238471","Duke_fronteyes_1800_front_of_eyes_down_vertical: 1.52379912750712"
"36","front_of_eyes_down_vertical",2100,1,1.48432486046688,4.99674183367668,1.03330572496776,2.3924485220406,22.8209456278376,83.7539928063659,21.5857643190109,"Duke_fronteyes_2100_front_of_eyes_down_vertical: 1.48432486046688","Duke_fronteyes_2100_front_of_eyes_down_vertical: 1.03330572496776"
"37","front_of_eyes_down_vertical",2400,1,1.47088135545233,5.51720725585332,1.05919157057584,2.24494227599029,31.4542775205497,122.85023648144,33.362580305915,"Duke_fronteyes_2400_front_of_eyes_down_vertical: 1.47088135545233","Duke_fronteyes_2400_front_of_eyes_down_vertical: 1.05919157057584"
"38","front_of_eyes_down_vertical",2600,1,1.42008755630049,5.39687281733412,0.972633910269016,2.13364077205262,35.2503667121688,134.295328638247,37.5601843034763,"Duke_fronteyes_2600_front_of_eyes_down_vertical: 1.42008755630049","Duke_fronteyes_2600_front_of_eyes_down_vertical: 0.972633910269016"
"39","front_of_eyes_down_vertical",3500,1,1.13078891896311,4.05614073259072,0.347959141566533,1.6343488085111,48.1509603559971,155.180828137831,48.9074779166417,"Duke_fronteyes_3500_front_of_eyes_down_vertical: 1.13078891896311","Duke_fronteyes_3500_front_of_eyes_down_vertical: 0.347959141566533"
"40","front_of_eyes_down_vertical",5000,1,0.730486454261035,2.77915909482322,0.0859236987188113,1.16587470544605,34.7062217673239,82.2487318420907,26.8499885904031,"Duke_fronteyes_5000_front_of_eyes_down_vertical: 0.730486454261035","Duke_fronteyes_5000_front_of_eyes_down_vertical: 0.0859236987188113"
"41","front_of_eyes_left_horizontal",700,1,2.62364035953655,1.25225412475527,0.584661769031794,0.1982423826391,6.19189927793956,6.19189927793956,4.75006429557008,"Duke_fronteyes_700_front_of_eyes_left_horizontal: 2.62364035953655","Duke_fronteyes_700_front_of_eyes_left_horizontal: 0.584661769031794"
"42","front_of_eyes_left_horizontal",800,1,2.41076975080189,1.06052986397644,0.454423093968746,0.161476550515832,5.6899226001706,6.53752455997104,4.6032741771809,"Duke_fronteyes_800_front_of_eyes_left_horizontal: 2.41076975080189","Duke_fronteyes_800_front_of_eyes_left_horizontal: 0.454423093968746"
"43","front_of_eyes_left_horizontal",900,1,2.18424601422136,1.35039013453153,0.580853560053004,0.229872116980163,7.19514767665739,18.6604873623357,6.59252533747194,"Duke_fronteyes_900_front_of_eyes_left_horizontal: 2.18424601422136","Duke_fronteyes_900_front_of_eyes_left_horizontal: 0.580853560053004"
"44","front_of_eyes_left_horizontal",1450,1,0.89793119979269,4.37085273461182,2.03635665691421,0.917487259120328,21.4182907926305,120.215820816328,23.8593751213179,"Duke_fronteyes_1450_front_of_eyes_left_horizontal: 0.89793119979269","Duke_fronteyes_1450_front_of_eyes_left_horizontal: 2.03635665691421"
"45","front_of_eyes_left_horizontal",1800,1,0.882615037358166,4.88484205329827,1.6032528765545,0.927169381210924,31.0169610382866,129.015396659821,25.5124627902076,"Duke_fronteyes_1800_front_of_eyes_left_horizontal: 0.882615037358166","Duke_fronteyes_1800_front_of_eyes_left_horizontal: 1.6032528765545"
"46","front_of_eyes_left_horizontal",2100,1,0.869486898128573,5.32540432645808,1.2320210648176,0.935468343002863,39.2443926774204,136.557890239958,26.9293950778273,"Duke_fronteyes_2100_front_of_eyes_left_horizontal: 0.869486898128573","Duke_fronteyes_2100_front_of_eyes_left_horizontal: 1.2320210648176"
"47","front_of_eyes_left_horizontal",2400,1,0.907365192516917,5.72497083173737,1.06640677050831,0.989820957929851,45.6645605258329,133.841886840448,36.0517661412979,"Duke_fronteyes_2400_front_of_eyes_left_horizontal: 0.907365192516917","Duke_fronteyes_2400_front_of_eyes_left_horizontal: 1.06640677050831"
"48","front_of_eyes_left_horizontal",2600,1,0.868045208760135,5.76937065082383,1.00437824263354,0.908839934558753,49.8050702856733,138.740106193213,42.9649623526047,"Duke_fronteyes_2600_front_of_eyes_left_horizontal: 0.868045208760135","Duke_fronteyes_2600_front_of_eyes_left_horizontal: 1.00437824263354"
"49","front_of_eyes_left_horizontal",3500,1,0.58639986819757,5.64251010127568,0.766187905474561,0.361516001999781,68.5060015794906,172.423656013879,74.1363164376129,"Duke_fronteyes_3500_front_of_eyes_left_horizontal: 0.58639986819757","Duke_fronteyes_3500_front_of_eyes_left_horizontal: 0.766187905474561"
"50","front_of_eyes_left_horizontal",5000,1,0.696996770731263,1.6917134180832,0.17542323804595,1.07041999463898,46.6189393862945,95.9090665606747,32.3954371886931,"Duke_fronteyes_5000_front_of_eyes_left_horizontal: 0.696996770731263","Duke_fronteyes_5000_front_of_eyes_left_horizontal: 0.17542323804595"
"51","front_of_eyes_left_vertical",700,1,2.67433645262368,1.70601784203786,0.373345519568208,0.249342607306432,8.53012102980457,17.7465710851751,5.37457483888635,"Duke_fronteyes_700_front_of_eyes_left_vertical: 2.67433645262368","Duke_fronteyes_700_front_of_eyes_left_vertical: 0.373345519568208"
"52","front_of_eyes_left_vertical",800,1,2.43461807761018,1.06867540421839,0.24818694511906,0.224429770021828,5.0553666550265,11.8143418914038,3.5791061503364,"Duke_fronteyes_800_front_of_eyes_left_vertical: 2.43461807761018","Duke_fronteyes_800_front_of_eyes_left_vertical: 0.24818694511906"
"53","front_of_eyes_left_vertical",900,1,2.23965144611663,1.30426384770159,0.448643226308959,0.401743760961966,5.64033396161619,23.7172360098248,6.23063408909996,"Duke_fronteyes_900_front_of_eyes_left_vertical: 2.23965144611663","Duke_fronteyes_900_front_of_eyes_left_vertical: 0.448643226308959"
"54","front_of_eyes_left_vertical",1450,1,1.29986898255739,5.18521866610175,2.51547369147673,1.97587324087523,20.8806760503717,142.002557316479,33.9839893024204,"Duke_fronteyes_1450_front_of_eyes_left_vertical: 1.29986898255739","Duke_fronteyes_1450_front_of_eyes_left_vertical: 2.51547369147673"
"55","front_of_eyes_left_vertical",1800,1,1.42132964797612,6.51695932113205,1.83933953126647,2.02196876805975,25.9630202891945,153.099246448014,32.1902976356675,"Duke_fronteyes_1800_front_of_eyes_left_vertical: 1.42132964797612","Duke_fronteyes_1800_front_of_eyes_left_vertical: 1.83933953126647"
"56","front_of_eyes_left_vertical",2100,1,1.5254387897636,7.65845131115801,1.25979596537195,2.0614792199322,30.3193153510426,162.610694275044,30.6528476355936,"Duke_fronteyes_2100_front_of_eyes_left_vertical: 1.5254387897636","Duke_fronteyes_2100_front_of_eyes_left_vertical: 1.25979596537195"
"57","front_of_eyes_left_vertical",2400,1,1.39311651307873,6.64248287355778,1.26225542832899,1.89350506552555,44.7031854814948,136.536584900851,45.650481243851,"Duke_fronteyes_2400_front_of_eyes_left_vertical: 1.39311651307873","Duke_fronteyes_2400_front_of_eyes_left_vertical: 1.26225542832899"
"58","front_of_eyes_left_vertical",2600,1,1.30360128446811,6.04236689124688,1.14903660031073,1.78514009619191,48.4122512401165,123.348078638493,49.8696057751602,"Duke_fronteyes_2600_front_of_eyes_left_vertical: 1.30360128446811","Duke_fronteyes_2600_front_of_eyes_left_vertical: 1.14903660031073"
"59","front_of_eyes_left_vertical",3500,1,0.935206253869566,3.78955642384728,0.377725241728523,1.33484514325502,54.740071804686,75.7658515464176,57.6428603380919,"Duke_fronteyes_3500_front_of_eyes_left_vertical: 0.935206253869566","Duke_fronteyes_3500_front_of_eyes_left_vertical: 0.377725241728523"
"60","front_of_eyes_left_vertical",5000,1,0.626835638101811,2.97798076714391,0.107704842680606,0.894680402388491,44.5193814010559,85.2518669953441,34.8055054052225,"Duke_fronteyes_5000_front_of_eyes_left_vertical: 0.626835638101811","Duke_fronteyes_5000_front_of_eyes_left_vertical: 0.107704842680606"
"61","front_of_eyes_right_horizontal",700,1,2.6152812509107,1.12022657355912,0.5368578271693,0.194364028098195,5.28399393830992,5.28399393830992,3.69102805538961,"Duke_fronteyes_700_front_of_eyes_right_horizontal: 2.6152812509107","Duke_fronteyes_700_front_of_eyes_right_horizontal: 0.5368578271693"
"62","front_of_eyes_right_horizontal",800,1,2.39917754368795,0.898645615606298,0.395005481381246,0.157057402353102,4.53326659749839,4.94071160762706,3.31506589254295,"Duke_fronteyes_800_front_of_eyes_right_horizontal: 2.39917754368795","Duke_fronteyes_800_front_of_eyes_right_horizontal: 0.395005481381246"
"63","front_of_eyes_right_horizontal",900,1,2.17309291503511,1.25304842982152,0.521886721662827,0.225750760457069,5.93474870529835,18.7133024338495,5.54756129818594,"Duke_fronteyes_900_front_of_eyes_right_horizontal: 2.17309291503511","Duke_fronteyes_900_front_of_eyes_right_horizontal: 0.521886721662827"
"64","front_of_eyes_right_horizontal",1450,1,0.900068574747703,4.90806200250296,2.0155983942639,0.917487259120328,20.0167513575475,136.267253250446,25.5513334435956,"Duke_fronteyes_1450_front_of_eyes_right_horizontal: 0.900068574747703","Duke_fronteyes_1450_front_of_eyes_right_horizontal: 2.0155983942639"
"65","front_of_eyes_right_horizontal",1800,1,0.851291441996209,4.89905580006418,1.58773624036043,0.926057813007408,29.3464343022741,120.715296590552,23.7947578016495,"Duke_fronteyes_1800_front_of_eyes_right_horizontal: 0.851291441996209","Duke_fronteyes_1800_front_of_eyes_right_horizontal: 1.58773624036043"
"66","front_of_eyes_right_horizontal",2100,1,0.809482471066356,4.89133619797379,1.22099725130032,0.933404002053477,37.343305397754,107.385048024929,22.2891215371242,"Duke_fronteyes_2100_front_of_eyes_right_horizontal: 0.809482471066356","Duke_fronteyes_2100_front_of_eyes_right_horizontal: 1.22099725130032"
"67","front_of_eyes_right_horizontal",2400,1,0.885042122315055,5.4557515510373,1.00043537353271,0.968358243622725,35.7603756734205,142.736660170308,31.2560562284661,"Duke_fronteyes_2400_front_of_eyes_right_horizontal: 0.885042122315055","Duke_fronteyes_2400_front_of_eyes_right_horizontal: 1.00043537353271"
"68","front_of_eyes_right_horizontal",2600,1,0.853962611254792,5.54295119078521,0.928139225398049,0.885850729673802,40.7062061967851,142.805585222533,36.3856109454783,"Duke_fronteyes_2600_front_of_eyes_right_horizontal: 0.853962611254792","Duke_fronteyes_2600_front_of_eyes_right_horizontal: 0.928139225398049"
"69","front_of_eyes_right_horizontal",3500,1,0.573869182540118,5.41371291387776,0.692435428004989,0.351604011715143,73.4379345720465,100.378006358038,56.5848397937688,"Duke_fronteyes_3500_front_of_eyes_right_horizontal: 0.573869182540118","Duke_fronteyes_3500_front_of_eyes_right_horizontal: 0.692435428004989"
"70","front_of_eyes_right_horizontal",5000,1,0.685855513412106,3.33282356231044,0.158014049282591,1.03080911578369,54.6375593171839,88.0308726757551,36.20885558426,"Duke_fronteyes_5000_front_of_eyes_right_horizontal: 0.685855513412106","Duke_fronteyes_5000_front_of_eyes_right_horizontal: 0.158014049282591"
"71","front_of_eyes_right_vertical",700,1,2.6802107746467,1.62654542878739,0.331846679020899,0.265825364868717,7.1275000920875,17.7617578223096,4.90070616282272,"Duke_fronteyes_700_front_of_eyes_right_vertical: 2.6802107746467","Duke_fronteyes_700_front_of_eyes_right_vertical: 0.331846679020899"
"72","front_of_eyes_right_vertical",800,1,2.43586952962872,1.02118651066751,0.22948833648722,0.23171726133507,4.74145057317116,10.8654117426225,3.33655835913442,"Duke_fronteyes_800_front_of_eyes_right_vertical: 2.43586952962872","Duke_fronteyes_800_front_of_eyes_right_vertical: 0.22948833648722"
"73","front_of_eyes_right_vertical",900,1,2.241786752673,1.28048694865357,0.455519006462736,0.413245203581042,6.33919781080163,22.0507061549341,6.34136283191927,"Duke_fronteyes_900_front_of_eyes_right_vertical: 2.241786752673","Duke_fronteyes_900_front_of_eyes_right_vertical: 0.455519006462736"
"74","front_of_eyes_right_vertical",1450,1,1.32317386560091,5.26736129681373,2.67122438222069,2.0502633292043,26.9249749352347,137.119299187413,36.3989153279448,"Duke_fronteyes_1450_front_of_eyes_right_vertical: 1.32317386560091","Duke_fronteyes_1450_front_of_eyes_right_vertical: 2.67122438222069"
"75","front_of_eyes_right_vertical",1800,1,1.43096204508961,6.38931568165946,2.00719199186103,2.10416032228011,33.4657591523265,141.112546648784,37.1318037652949,"Duke_fronteyes_1800_front_of_eyes_right_vertical: 1.43096204508961","Duke_fronteyes_1800_front_of_eyes_right_vertical: 2.00719199186103"
"76","front_of_eyes_right_vertical",2100,1,1.52335191322279,7.35099086867008,1.43802137155276,2.15035774491652,39.0721456241194,144.535330187103,37.7599938544521,"Duke_fronteyes_2100_front_of_eyes_right_vertical: 1.52335191322279","Duke_fronteyes_2100_front_of_eyes_right_vertical: 1.43802137155276"
"77","front_of_eyes_right_vertical",2400,1,1.41132664899665,6.72823816080683,1.34355501320396,1.93663247764641,57.5126503713453,119.182886889945,61.9434423344235,"Duke_fronteyes_2400_front_of_eyes_right_vertical: 1.41132664899665","Duke_fronteyes_2400_front_of_eyes_right_vertical: 1.34355501320396"
"78","front_of_eyes_right_vertical",2600,1,1.34030578027074,6.42500053059456,1.2119894267525,1.82902396610155,58.696394385466,118.101762542969,64.2595824936883,"Duke_fronteyes_2600_front_of_eyes_right_vertical: 1.34030578027074","Duke_fronteyes_2600_front_of_eyes_right_vertical: 1.2119894267525"
"79","front_of_eyes_right_vertical",3500,1,1.0576543140428,5.47208559485704,0.444030841475701,1.43708627024196,45.3838739882816,141.394417732954,50.3490890630267,"Duke_fronteyes_3500_front_of_eyes_right_vertical: 1.0576543140428","Duke_fronteyes_3500_front_of_eyes_right_vertical: 0.444030841475701"
"80","front_of_eyes_right_vertical",5000,1,0.663548439177432,1.47316541350545,0.123967469944983,0.998459610609561,33.3180984375233,71.7549885082556,24.9656476329434,"Duke_fronteyes_5000_front_of_eyes_right_vertical: 0.663548439177432","Duke_fronteyes_5000_front_of_eyes_right_vertical: 0.123967469944983"
